name,phone,numberrange,country
Stacy Ferguson,(528) 615-2383,2,Costa Rica
Quamar Fry,1-873-729-3126,8,France
Daria Hunt,1-674-748-3761,2,Peru
Christopher Clemons,(645) 574-2333,8,Pakistan
Evan Wilkinson,1-538-545-1197,9,Brazil
Keefe William,1-774-254-4219,8,United States
Cruz Strong,(692) 339-8716,5,Australia
Alana Roman,(893) 773-3078,7,Poland
Cameron Hines,(645) 682-5176,7,Pakistan
Chanda Harper,1-451-753-6265,6,Austria
Claire Church,(637) 566-0973,4,Nigeria
Gay Newton,(366) 287-5649,10,Peru
Ryan Vasquez,1-945-466-3720,9,Ireland
Melissa Martinez,(563) 447-3522,5,Russian Federation
Ginger O'connor,1-992-271-6563,5,Norway
Lenore James,(788) 723-7758,8,Indonesia
Galena Landry,(577) 221-6777,3,Australia
Genevieve Stout,(949) 153-8222,0,Norway
Malachi Johns,1-440-441-9835,10,Brazil
Neil Moran,(834) 214-4886,4,Indonesia
Harriet Vang,1-264-764-5535,0,Philippines
Vivian Fletcher,(375) 700-0208,8,India
Clark Lucas,1-154-574-5838,5,Chile
Chandler Flowers,(415) 447-3727,3,South Africa
Haley Ballard,(319) 725-6102,5,Australia
Quintessa Cunningham,1-144-967-5955,6,India
Rafael Ashley,1-483-940-5231,4,Turkey
Karina Bridges,(335) 289-1738,8,India
Inga Wright,(811) 572-4523,9,Turkey
Mollie Roy,1-836-348-7592,8,Australia
Abel Paul,(545) 751-6178,3,Italy
Jillian Michael,1-532-279-6257,10,Germany
Kelsey Ramsey,1-536-237-2758,2,Vietnam
Briar Leonard,(335) 313-4487,4,Nigeria
Wade Preston,1-248-408-1513,3,Peru
Hoyt Cohen,(627) 254-2014,7,Turkey
Madonna Ball,(658) 468-0969,9,Belgium
Thane Robles,1-324-743-2679,4,Colombia
Yeo Holcomb,(313) 596-7573,2,China
Lacey Robbins,(439) 111-8377,0,Ukraine
Rashad Peterson,(253) 961-6665,2,China
Lara Boyd,(626) 477-0113,8,South Korea
Rama Landry,1-551-662-7467,2,Chile
Fleur Brooks,(258) 402-1167,5,Canada
Nerea Adams,(439) 448-3686,3,Nigeria
Aline Coffey,1-553-844-7602,7,Poland
Allegra Knight,(190) 747-7385,1,Colombia
Joseph Castaneda,(404) 325-8298,3,Russian Federation
Norman Faulkner,1-695-398-2603,3,Nigeria
Wynter Watson,(233) 760-9187,0,United States
Haviva Santos,(951) 538-6828,5,South Korea
Jacob Justice,(453) 242-8686,8,Colombia
Hayfa Byers,(392) 772-3393,0,Philippines
Simon Erickson,(832) 114-1414,0,Australia
Suki Weaver,(538) 232-3013,3,Netherlands
Latifah Glenn,1-658-378-3432,8,Philippines
Frances Conrad,(376) 872-5345,10,Chile
Jada Abbott,(598) 611-3569,7,Ukraine
Halee Booker,1-656-445-7381,5,South Africa
Holly Mcmillan,(437) 604-1080,1,Pakistan
Giacomo Strickland,1-530-213-8653,9,Italy
Leah Harper,(729) 866-6149,6,Brazil
Armando Hardy,(692) 262-8628,10,Turkey
Brody Hurley,1-398-772-5838,9,Ireland
Harlan Curry,1-764-205-8555,8,Singapore
Molly Burns,1-229-832-7672,1,Germany
Axel Villarreal,1-242-342-3831,6,Philippines
Stuart Justice,(508) 958-8289,0,Turkey
Tamara Cross,1-474-423-1662,9,China
Noah Levine,1-871-316-3460,5,India
Reese Guerrero,(352) 626-1381,1,Pakistan
Lillian Mckinney,1-611-543-8101,6,South Korea
Imani Mcleod,(824) 439-2908,5,Costa Rica
Megan Guerra,(278) 829-0915,5,United Kingdom
Flavia Hughes,(111) 606-1841,4,Indonesia
Neville Pace,1-721-965-5381,3,Sweden
Astra Herring,1-632-474-3729,9,Norway
Asher Guerra,1-115-421-8315,1,Austria
Haley Richards,(405) 898-4578,10,Netherlands
Giacomo Mcneil,(733) 546-4631,0,India
Germane Bates,(528) 133-0224,3,Austria
Amir Bates,1-227-273-8672,3,South Korea
Illana Bowers,(522) 922-5129,2,United States
Natalie Carey,(213) 472-2143,6,Costa Rica
Lars Higgins,1-357-782-5726,7,Brazil
Lee Pitts,(317) 679-3148,1,Mexico
Keiko Kemp,1-972-180-2569,1,Germany
Urielle Rosales,(163) 371-3730,2,Australia
Cecilia Anthony,(718) 827-7417,5,Poland
Penelope Graves,(458) 783-7860,9,Italy
Wing Burton,(692) 356-6521,8,Germany
Simone Burnett,(957) 414-4424,1,Germany
Sarah Anderson,1-618-685-5932,3,Spain
Ruth Bruce,(626) 341-7442,3,France
Joel Mcneil,1-847-435-4622,3,Peru
Hadassah Hartman,1-331-997-5669,1,Indonesia
Echo Morris,1-530-774-7431,1,New Zealand
Zelda Gillespie,(561) 411-2677,3,Norway
Dane Newman,1-578-604-2919,4,Turkey
Charity Long,(737) 167-4483,1,Germany
